;Fase 3; Fase 5
4;1.96155;1.99154;
5;2.00647;2.03426;
6;2.02219;2.03950;
7;2.02794;2.06000;
8;2.02783;2.03883;
9;2.03500;2.05004;