;Fase 3; Fase 5
4;2.06787;2.20784;
5;2.16703;2.26441;
6;2.21811;2.29746;
7;2.24530;2.31459;
8;2.25882;2.30583;